﻿<?xml version="1.0" encoding="utf-8"?>
<RootElement>
  <Header>
    <DocumentFormat>
      <DocumentFormatIdentifier>TRADEDOC</DocumentFormatIdentifier>
      <ControllingAgency>DNT</ControllingAgency>
    </DocumentFormat>
    <DocumentType>
      <DocumentTypeCode>GIG</DocumentTypeCode>
    </DocumentType>
    <DocumentIdentification>
      <UniqueReferenceNo>SNRF123</UniqueReferenceNo>
      <MessageFunction>9</MessageFunction>
    </DocumentIdentification>
    <InterchangeSender>
      <SenderID>info@bluewave.com.my</SenderID>
    </InterchangeSender>
    <InterchangeRecipient>
      <RecipientID>info@bluewave.com.my</RecipientID>
    </InterchangeRecipient>
    <DateorTimeofPreparation>
      <DateofPreparation>20250410</DateofPreparation>
      <TimeofPreparation>1057</TimeofPreparation>
    </DateorTimeofPreparation>
  </Header>
  <Body>
    <BeginningofMessage>
      <DocumentNo>1</DocumentNo>
      <MessageCode>785</MessageCode>
      <DocMessageJobNo>BWSTAO240702</DocMessageJobNo>
      <IssueDate>20250410105727</IssueDate>
    </BeginningofMessage>
    <ProcessingIndicator>
      <ProcessingIndicatorCode>23</ProcessingIndicatorCode>
      <ProcessingIndicatorValue>MNT</ProcessingIndicatorValue>
    </ProcessingIndicator>
    <Parties>
      <PartyType>SA</PartyType>
      <OrganizationIdentification>CM0007</OrganizationIdentification>
      <OrganizationName>BLUE WAVE SHIPPING (M) SDN BHD</OrganizationName>
      <AddressInformation>
        <Text>NO.31-1,JALAN RAMIN 1,</Text>
        <Text>BANDAR AMBANG BOTANIC, 41200 KLANG,</Text>
        <Text>SELANGOR DARUL EHSAN,MALAYSIA </Text>
      </AddressInformation>
    </Parties>
    <Parties>
      <PartyType>PSA</PartyType>
      <OrganizationIdentification>CM0010</OrganizationIdentification>
      <OrganizationName>BLUE WAVE SHIPPING (M) SDN BHD</OrganizationName>
      <AddressInformation>
        <Text>NO.31-1,JALAN RAMIN 1,</Text>
        <Text>BANDAR AMBANG BOTANIC, 41200 KLANG,</Text>
        <Text>SELANGOR DARUL EHSAN,MALAYSIA</Text>
      </AddressInformation>
    </Parties>
    <Parties>
      <PartyType>CN</PartyType>
      <OrganizationIdentification>CN8211</OrganizationIdentification>
      <OrganizationName>DP WHOLESALE SDN BHD (1099960-D)-S</OrganizationName>
      <AddressInformation>
        <Text>LOT 9030, JALAN TELOK GONG,</Text>
        <Text>KAMPUNG TELOK GONG,</Text>
        <Text>42000 PORT KLANG,SELANGOR, MALAYSIA</Text>
      </AddressInformation>
    </Parties>
    <Parties>
      <PartyType>CZ</PartyType>
      <OrganizationIdentification>CZ8210</OrganizationIdentification>
      <OrganizationName>ESICUT (HE NAN) TECHNOLOGY CO.</OrganizationName>
      <AddressInformation>
        <Text>ZHONGYUAN 5G E-COMMERCE INDUSTRIAL PARK,</Text>
        <Text>XINGYANG ZHENGZHOU, HENAN</Text>
      </AddressInformation>
    </Parties>
    <Parties>
      <PartyType>NI</PartyType>
      <OrganizationIdentification>NI8212</OrganizationIdentification>
      <OrganizationName>WCK EMPIRE SDN BHD (1500997-W)-KUA</OrganizationName>
      <AddressInformation>
        <Text>NO.45-1, JALAN TASIK UTAMA 4,</Text>
        <Text>MEDAN NIAGA TASIK DAMAI,</Text>
        <Text>SUNGAI BESI, 57000 KUALA LUMPUR,</Text>
        <Text>WP KUALA LUMPUR</Text>
        <Text>TEL: 010-218 7188</Text>
      </AddressInformation>
    </Parties>
    <PlaceOrLocation>
      <PlaceOrLocCodeQualifier>8</PlaceOrLocCodeQualifier>
      <PlaceOrLocCode>MYWSP</PlaceOrLocCode>
    </PlaceOrLocation>
    <PlaceOrLocation>
      <PlaceOrLocCodeQualifier>9</PlaceOrLocCodeQualifier>
      <PlaceOrLocCode>CNTAO</PlaceOrLocCode>
    </PlaceOrLocation>
    <PlaceOrLocation>
      <PlaceOrLocCodeQualifier>11</PlaceOrLocCodeQualifier>
      <PlaceOrLocCode>MYWSP</PlaceOrLocCode>
    </PlaceOrLocation>
    <PlaceOrLocation>
      <PlaceOrLocCodeQualifier>27</PlaceOrLocCodeQualifier>
      <PlaceOrLocCode>CN</PlaceOrLocCode>
    </PlaceOrLocation>
    <DateTimeDetail>
      <DateTimeFuncCode>182</DateTimeFuncCode>
      <DateTimeValue>20250410</DateTimeValue>
    </DateTimeDetail>
    <DateTimeDetail>
      <DateTimeFuncCode>132</DateTimeFuncCode>
      <DateTimeValue>202408020000</DateTimeValue>
    </DateTimeDetail>
    <DocumentReferenceInfo>
      <DocRefDetail>
        <DocRefCode>CSC</DocRefCode>
        <DocRefNo>H10</DocRefNo>
      </DocRefDetail>
    </DocumentReferenceInfo>
    <DocumentReferenceInfo>
      <DocRefDetail>
        <DocRefCode>SCN</DocRefCode>
        <DocRefNo>2452U7</DocRefNo>
      </DocRefDetail>
    </DocumentReferenceInfo>
    <DocumentReferenceInfo>
      <DocRefDetail>
        <DocRefCode>CAC</DocRefCode>
        <DocRefNo>2</DocRefNo>
      </DocRefDetail>
    </DocumentReferenceInfo>
    <DocumentReferenceInfo>
      <DocRefDetail>
        <DocRefCode>BM</DocRefCode>
        <DocRefNo>BWSTAO24070265P</DocRefNo>
      </DocRefDetail>
    </DocumentReferenceInfo>
    <DocumentReferenceInfo>
      <DocRefDetail>
        <DocRefCode>TOP</DocRefCode>
        <DocRefNo>BKMTO1</DocRefNo>
      </DocRefDetail>
    </DocumentReferenceInfo>
    <DocumentReferenceInfo>
      <DocRefDetail>
        <DocRefCode>AA</DocRefCode>
        <DocRefNo>PCA</DocRefNo>
      </DocRefDetail>
    </DocumentReferenceInfo>
    <TransportDetails>
      <TransportStageCodeQualifier>11</TransportStageCodeQualifier>
      <ModeofTransportCode>1</ModeofTransportCode>
      <ConveyanceReferenceNo>V.24028W</ConveyanceReferenceNo>
      <TransportMeans>
        <TransportTypeID />
        <TransportTypeName />
      </TransportMeans>
      <TransportIdentification>
        <TransportID>9V8722</TransportID>
        <TransportMeansName>X-PRESS CARINA</TransportMeansName>
        <Nationality>SG</Nationality>
      </TransportIdentification>
    </TransportDetails>
    <LineItem>
      <LineItemNo>1</LineItemNo>
      <ItemIdentifiers>
        <TariffCode>850220</TariffCode>
        <ProductDesc>1 X 20GP CONTAINER S.T.C. 

824 PACKAGES OF GRINDING
HS CODE: 820510000</ProductDesc>
      </ItemIdentifiers>
      <PackageandWeightSummary>
        <TotalPackage>
          <NumberofPackages>824</NumberofPackages>
          <PackageTypeCode>PKG</PackageTypeCode>
        </TotalPackage>
        <Measurement>
          <MeasurementQualifier>WT</MeasurementQualifier>
          <MeasurementDimensionCode>AAD</MeasurementDimensionCode>
          <MeasurementUnitCode>KGM</MeasurementUnitCode>
          <Value>16214.0000</Value>
        </Measurement>
        <Measurement>
          <MeasurementQualifier>WT</MeasurementQualifier>
          <MeasurementDimensionCode>MFT</MeasurementDimensionCode>
          <MeasurementUnitCode>KGM</MeasurementUnitCode>
          <Value>16214.0000</Value>
        </Measurement>
        <Measurement>
          <MeasurementQualifier>VOL</MeasurementQualifier>
          <MeasurementDimensionCode>BRH</MeasurementDimensionCode>
          <MeasurementUnitCode>MTQ</MeasurementUnitCode>
          <Value>16214.0000</Value>
        </Measurement>
      </PackageandWeightSummary>
      <AdditionalInformation>
        <InformationType>PAC</InformationType>
        <Text>N/M TEST</Text>
      </AdditionalInformation>
      <Container>
        <ContainerIdentifier>DRYU3099292</ContainerIdentifier>
      </Container>
    </LineItem>
    <Container>
      <ContainerItemNo>1</ContainerItemNo>
      <ContainerIdentifier>DRYU3099292</ContainerIdentifier>
      <ContainerSizeandCodes>
        <ContainerSizeandDetailedTypeCode>20GP</ContainerSizeandDetailedTypeCode>
      </ContainerSizeandCodes>
      <EquipmentStatus>3</EquipmentStatus>
      <FullEmptyIndicator>1</FullEmptyIndicator>
      <Seal>XT20240201</Seal>
      <SealingParty>CA</SealingParty>
      <Measurement>
        <Measurement_New>TE</Measurement_New>
        <MeasurementUnitcode>FAH</MeasurementUnitcode>
        <value>16214.0000</value>
      </Measurement>
    </Container>
    <GrandTotal>
      <TotalMeasurement>
        <MeasurementQualifier>AAE</MeasurementQualifier>
        <MeasurementDimensionCode>AAD</MeasurementDimensionCode>
        <MeasurementUnitCode>KGM</MeasurementUnitCode>
        <Value>16214.0000</Value>
      </TotalMeasurement>
      <TotalMeasurement>
        <MeasurementQualifier>AAE</MeasurementQualifier>
        <MeasurementUnitCode>MTQ</MeasurementUnitCode>
        <Value>16214.0000</Value>
      </TotalMeasurement>
      <TotalMeasurement>
        <MeasurementQualifier>11</MeasurementQualifier>
        <MeasurementUnitCode>CT</MeasurementUnitCode>
        <Value>824</Value>
      </TotalMeasurement>
      <TotalMeasurement>
        <MeasurementQualifier>1</MeasurementQualifier>
        <MeasurementUnitCode>CT</MeasurementUnitCode>
      </TotalMeasurement>
    </GrandTotal>
    <AdditionalInformation>
      <InformationType>AAA</InformationType>
      <Text>1 X 20GP CONTAINER S.T.C. 

824 PACKAGES OF GRINDING
HS CODE: 820510000</Text>
    </AdditionalInformation>
  </Body>
</RootElement>